pizza_id,max_cantidad,mes
veggie_veg_s,43,3
veggie_veg_s,43,4
veggie_veg_m,65,1
veggie_veg_l,45,2
the_greek_xxl,4,4
the_greek_xl,65,4
the_greek_s,32,11
the_greek_m,32,4
the_greek_l,28,7
thai_ckn_s,49,3
thai_ckn_m,52,4
thai_ckn_l,135,12
thai_ckn_l,135,7
spinach_supr_s,47,8
spinach_supr_m,28,5
spinach_supr_l,34,4
spinach_fet_s,55,3
spinach_fet_m,69,8
spinach_fet_l,47,5
spin_pesto_s,45,11
spin_pesto_m,34,9
spin_pesto_l,34,6
spicy_ital_s,44,7
spicy_ital_m,43,7
spicy_ital_l,115,5
southw_ckn_s,40,8
southw_ckn_m,55,7
southw_ckn_l,94,7
soppressata_s,31,10
soppressata_m,29,10
soppressata_l,48,6
sicilian_s,86,1
sicilian_m,59,10
sicilian_m,59,11
sicilian_l,62,12
prsc_argla_s,45,1
prsc_argla_m,60,7
prsc_argla_l,53,10
peppr_salami_s,38,12
peppr_salami_m,46,6
peppr_salami_l,69,4
pepperoni_s,78,5
pepperoni_s,78,1
pepperoni_m,90,5
pepperoni_l,83,1
pep_msh_pep_s,63,8
pep_msh_pep_m,42,8
pep_msh_pep_l,41,6
napolitana_s,52,6
napolitana_m,44,8
napolitana_m,44,6
napolitana_m,44,9
napolitana_l,61,1
mexicana_s,20,9
mexicana_m,58,7
mexicana_l,98,11
mediterraneo_s,31,12
mediterraneo_m,33,5
mediterraneo_l,37,7
ital_veggie_s,33,1
ital_veggie_m,46,5
ital_veggie_m,46,12
ital_veggie_l,26,1
ital_supr_s,22,6
ital_supr_m,96,6
ital_supr_l,76,8
ital_cpcllo_s,32,7
ital_cpcllo_m,42,4
ital_cpcllo_m,42,2
ital_cpcllo_l,71,6
hawaiian_s,111,11
hawaiian_m,49,7
hawaiian_l,85,5
green_garden_s,59,9
green_garden_s,59,5
green_garden_m,33,7
green_garden_l,11,3
four_cheese_m,67,5
four_cheese_l,119,7
five_cheese_l,139,7
classic_dlx_s,79,4
classic_dlx_m,112,7
classic_dlx_l,48,5
ckn_pesto_s,30,3
ckn_pesto_m,31,11
ckn_pesto_l,42,4
ckn_alfredo_s,13,8
ckn_alfredo_m,68,3
ckn_alfredo_l,29,3
cali_ckn_s,59,8
cali_ckn_m,90,1
cali_ckn_l,89,5
calabrese_s,14,6
calabrese_m,57,4
calabrese_l,31,7
brie_carre_s,49,9
big_meat_s,190,5
bbq_ckn_s,53,7
bbq_ckn_s,53,3
bbq_ckn_m,95,4
bbq_ckn_l,98,3
