pizza_id,cantidad,mes
big_meat_s,150,1
five_cheese_l,138,1
thai_ckn_l,119,1
big_meat_s,151,2
four_cheese_l,117,2
five_cheese_l,113,2
big_meat_s,176,3
five_cheese_l,125,3
four_cheese_l,118,3
big_meat_s,139,4
thai_ckn_l,116,4
four_cheese_l,111,4
big_meat_s,190,5
five_cheese_l,124,5
thai_ckn_l,117,5
big_meat_s,139,6
five_cheese_l,124,6
thai_ckn_l,118,6
big_meat_s,185,7
five_cheese_l,139,7
thai_ckn_l,135,7
big_meat_s,160,8
five_cheese_l,113,8
classic_dlx_m,109,8
big_meat_s,142,9
thai_ckn_l,123,9
five_cheese_l,115,9
big_meat_s,151,10
four_cheese_l,118,10
thai_ckn_l,114,10
big_meat_s,174,11
thai_ckn_l,117,11
hawaiian_s,111,11
big_meat_s,157,12
thai_ckn_l,135,12
four_cheese_l,116,12
